Просмотры,Время просмотра (часы),Поделились,Постоянные зрители,Новые комментарии,Отказались от подписки,Новые подписчики,Новые зрители,Среднее число просмотров одним пользователем,Уникальные зрители,CTR для значков видео (%),Показы,Подписчики,Средний процент просмотра (%),Процент лайков,Средняя продолжительность просмотра,Дизлайки,Лайки
475.0,21.2038,9.0,84.0,0.0,5.0,5.0,144.0,2.0833,228.0,4.25,5176.0,0.0,30.51,100.0,160.70248421052634,0.0,16.0
174.0,5.4814,1.0,48.0,0.0,1.0,1.0,60.0,1.6111,108.0,4.05,2222.0,0.0,19.52,100.0,113.40827586206898,0.0,4.0
490.0,17.8182,3.0,94.0,0.0,1.0,1.0,133.0,2.1586,227.0,5.27,5584.0,0.0,23.51,75.0,130.90922448979592,1.0,3.0
665.0,25.9174,10.0,128.0,1.0,2.0,1.0,231.0,1.8524,359.0,5.78,6759.0,-1.0,25.35,100.0,140.30472180451127,0.0,8.0
971.0,35.385,4.0,166.0,0.0,3.0,7.0,362.0,1.839,528.0,7.04,6736.0,4.0,21.72,85.71,131.19052523171987,2.0,12.0
1322.0,48.6134,9.0,219.0,0.0,1.0,6.0,485.0,1.8778,704.0,6.61,9408.0,5.0,21.85,100.0,132.38142208774585,0.0,27.0
1321.0,49.7077,6.0,234.0,0.0,4.0,6.0,475.0,1.8632,709.0,7.72,10305.0,2.0,23.07,78.57,135.4638304314913,3.0,11.0
1515.0,54.7859,14.0,278.0,1.0,3.0,8.0,571.0,1.7845,849.0,7.08,11801.0,5.0,21.86,100.0,130.18431683168316,0.0,20.0
776.0,24.5667,5.0,160.0,0.0,2.0,5.0,322.0,1.61,482.0,6.99,5806.0,3.0,19.2,78.57,113.96922680412372,3.0,11.0
978.0,30.5683,7.0,202.0,0.0,2.0,1.0,418.0,1.5774,620.0,7.15,7878.0,-1.0,19.14,84.62,112.52134969325154,2.0,11.0
1435.0,51.5961,9.0,255.0,0.0,1.0,4.0,586.0,1.7063,841.0,7.31,10746.0,3.0,21.58,85.0,129.43969337979092,3.0,17.0
1819.0,60.8586,18.0,306.0,0.0,0.0,9.0,689.0,1.8281,995.0,6.4,15772.0,9.0,20.31,96.55,120.44582737768006,1.0,28.0
1642.0,53.457,15.0,310.0,2.0,1.0,5.0,661.0,1.691,971.0,8.04,11026.0,4.0,20.15,85.0,117.20170523751523,3.0,17.0
1941.0,72.9155,14.0,317.0,3.0,2.0,6.0,654.0,1.999,971.0,7.75,13763.0,4.0,24.19,100.0,135.23740340030912,0.0,18.0
1755.0,56.0002,11.0,317.0,0.0,0.0,12.0,646.0,1.8224,963.0,8.52,11695.0,12.0,19.85,90.91,114.87220512820512,2.0,20.0
1047.0,38.487,11.0,198.0,0.0,2.0,9.0,381.0,1.8083,579.0,6.96,8317.0,7.0,23.96,92.86,132.33352435530088,1.0,13.0
1218.0,41.4866,9.0,207.0,1.0,3.0,8.0,435.0,1.8972,642.0,6.59,10022.0,5.0,22.08,100.0,122.62049261083745,0.0,20.0
1272.0,44.5558,11.0,218.0,1.0,0.0,6.0,562.0,1.6308,780.0,5.99,11512.0,6.0,20.92,84.21,126.10132075471698,3.0,16.0
1503.0,52.7593,10.0,246.0,2.0,2.0,7.0,577.0,1.8262,823.0,6.58,12589.0,5.0,21.5,85.0,126.36958083832336,3.0,17.0
1554.0,58.0107,11.0,284.0,1.0,3.0,6.0,610.0,1.7383,894.0,6.78,12909.0,3.0,22.47,93.75,134.387722007722,1.0,15.0
1631.0,60.5522,13.0,288.0,0.0,1.0,9.0,596.0,1.845,884.0,6.31,14035.0,8.0,22.52,95.45,133.65292458614346,1.0,21.0
1747.0,67.5103,11.0,278.0,2.0,6.0,9.0,639.0,1.9051,917.0,6.67,14225.0,3.0,22.5,94.74,139.1168174012593,1.0,18.0
919.0,35.3906,4.0,176.0,1.0,1.0,8.0,351.0,1.7438,527.0,7.3,6696.0,7.0,22.74,100.0,138.63564744287268,0.0,12.0
815.0,35.2616,1.0,137.0,0.0,2.0,5.0,332.0,1.7377,469.0,7.28,6219.0,3.0,26.44,77.78,155.75676073619633,2.0,7.0
1283.0,46.5794,9.0,216.0,1.0,3.0,3.0,529.0,1.7221,745.0,6.96,10114.0,0.0,21.5,77.78,130.6982385035074,2.0,7.0
1522.0,51.5061,22.0,251.0,1.0,3.0,13.0,565.0,1.8652,816.0,6.78,12278.0,10.0,21.28,100.0,121.82783180026283,0.0,38.0
1249.0,34.4148,12.0,174.0,1.0,6.0,11.0,540.0,1.7493,714.0,7.64,8974.0,5.0,17.61,86.21,99.19397918334667,4.0,25.0
1284.0,43.4542,8.0,205.0,0.0,1.0,4.0,505.0,1.8085,710.0,6.58,10756.0,3.0,21.44,66.67,121.83420560747663,2.0,4.0
1377.0,48.5222,3.0,199.0,0.0,3.0,3.0,527.0,1.8967,726.0,6.61,12891.0,0.0,22.38,90.91,126.8554248366013,2.0,20.0
844.0,31.406,1.0,149.0,2.0,0.0,4.0,328.0,1.7694,477.0,6.87,6801.0,4.0,23.98,91.67,133.95924170616112,1.0,11.0
936.0,32.3529,4.0,149.0,0.0,4.0,7.0,347.0,1.8871,496.0,5.89,8369.0,3.0,23.16,100.0,124.43423076923075,0.0,7.0
1401.0,53.0978,7.0,213.0,0.0,3.0,6.0,480.0,2.0216,693.0,5.42,12587.0,3.0,24.11,100.0,136.43974304068522,0.0,16.0
1487.0,63.2878,15.0,271.0,0.0,0.0,5.0,460.0,2.0342,731.0,5.88,12408.0,5.0,26.31,96.67,153.21861466039005,1.0,29.0
1249.0,48.2267,4.0,221.0,4.0,2.0,7.0,475.0,1.7945,696.0,7.25,9587.0,5.0,24.84,96.0,139.00409927942354,1.0,24.0
1266.0,44.2353,14.0,237.0,0.0,2.0,4.0,502.0,1.7131,739.0,7.58,8673.0,2.0,22.37,88.89,125.78758293838864,2.0,16.0
1363.0,51.4119,9.0,219.0,0.0,0.0,4.0,539.0,1.7982,758.0,6.25,11266.0,4.0,23.0,94.74,135.7907850330154,1.0,18.0
743.0,28.18,8.0,140.0,0.0,3.0,9.0,284.0,1.7524,424.0,5.15,7263.0,6.0,24.2,88.89,136.53835800807536,1.0,8.0
1092.0,43.8496,3.0,177.0,1.0,0.0,11.0,319.0,2.2016,496.0,5.41,7763.0,11.0,28.21,93.75,144.55912087912088,1.0,15.0
1308.0,50.0464,30.0,178.0,1.0,2.0,6.0,456.0,2.0631,634.0,6.82,10438.0,4.0,26.17,92.31,137.74238532110093,2.0,24.0
1408.0,47.0448,15.0,196.0,1.0,2.0,13.0,473.0,2.1046,669.0,6.25,11462.0,11.0,23.12,95.0,120.285,1.0,19.0
1350.0,51.1429,2.0,215.0,0.0,1.0,12.0,476.0,1.9537,691.0,5.89,11572.0,11.0,25.34,100.0,136.38106666666667,0.0,70.0
1302.0,53.4319,11.0,221.0,0.0,3.0,9.0,464.0,1.9007,685.0,6.59,10537.0,6.0,26.32,88.89,147.73797235023042,3.0,24.0
1412.0,52.8261,2.0,229.0,0.0,2.0,10.0,509.0,1.9133,738.0,6.99,10086.0,8.0,25.09,100.0,134.68410764872522,0.0,16.0
820.0,30.1115,6.0,142.0,0.0,4.0,7.0,309.0,1.8182,451.0,6.09,6998.0,3.0,24.09,91.67,132.19682926829267,1.0,11.0
851.0,29.4147,5.0,143.0,1.0,2.0,6.0,332.0,1.7916,475.0,6.18,7448.0,4.0,22.39,100.0,124.43351351351352,0.0,9.0
1289.0,51.7114,71.0,187.0,1.0,1.0,5.0,454.0,2.0109,641.0,7.11,8822.0,4.0,28.16,92.0,144.42283941039565,2.0,23.0
1258.0,56.1098,5.0,233.0,1.0,1.0,9.0,465.0,1.8023,698.0,5.63,10271.0,8.0,28.19,100.0,160.56858505564387,0.0,13.0
1437.0,54.8539,7.0,224.0,0.0,2.0,8.0,523.0,1.9237,747.0,6.95,10366.0,6.0,24.71,94.74,137.42104384133611,1.0,18.0
1348.0,48.4133,9.0,211.0,0.0,3.0,11.0,511.0,1.867,722.0,6.33,11319.0,8.0,23.29,100.0,129.29367952522256,0.0,27.0
1263.0,46.1285,7.0,236.0,1.0,2.0,10.0,556.0,1.5947,792.0,6.93,9907.0,8.0,22.22,95.0,131.48266033254157,1.0,19.0
884.0,35.8305,1.0,154.0,2.0,1.0,4.0,311.0,1.9011,465.0,6.94,6630.0,3.0,25.56,100.0,145.9160633484163,0.0,16.0
859.0,35.6035,8.0,147.0,1.0,2.0,7.0,343.0,1.7531,490.0,5.47,6601.0,5.0,26.7,90.0,149.21140861466822,1.0,9.0
1074.0,43.4838,13.0,182.0,0.0,3.0,7.0,474.0,1.6372,656.0,7.31,7693.0,4.0,25.09,90.48,145.75575418994416,2.0,19.0
1147.0,46.0377,5.0,185.0,1.0,1.0,6.0,513.0,1.6433,698.0,6.59,8344.0,5.0,24.15,96.0,144.49496076721883,1.0,24.0
1171.0,47.4522,4.0,198.0,0.0,5.0,6.0,521.0,1.6287,719.0,6.96,8836.0,1.0,24.54,100.0,145.88208368915454,0.0,18.0
1173.0,49.2122,8.0,203.0,0.0,2.0,5.0,520.0,1.6224,723.0,7.46,7373.0,3.0,26.19,100.0,151.03488491048594,0.0,25.0
1156.0,41.0076,3.0,223.0,0.0,4.0,3.0,530.0,1.5352,753.0,6.5,8304.0,-1.0,21.14,88.24,127.70532871972317,2.0,15.0
868.0,31.0542,4.0,155.0,0.0,3.0,4.0,366.0,1.666,521.0,7.54,5784.0,1.0,22.27,92.31,128.7962211981567,1.0,12.0
862.0,32.8614,11.0,149.0,0.0,5.0,8.0,366.0,1.6738,515.0,6.35,7271.0,3.0,24.31,92.86,137.2401856148492,1.0,13.0
584.0,23.0605,9.0,103.0,1.0,3.0,4.0,272.0,1.5573,375.0,6.33,4106.0,1.0,24.72,100.0,142.15376712328768,0.0,12.0
1183.0,49.9512,5.0,191.0,2.0,2.0,8.0,445.0,1.863,635.0,6.29,8460.0,6.0,26.74,87.5,152.00703296703298,2.0,14.0
1258.0,49.9691,8.0,213.0,1.0,2.0,7.0,471.0,1.8392,684.0,5.7,11418.0,5.0,25.02,94.74,142.9958346581876,1.0,18.0
1195.0,46.0657,4.0,201.0,2.0,3.0,8.0,521.0,1.6551,722.0,6.75,8774.0,5.0,23.43,100.0,138.77533054393305,0.0,18.0
1303.0,46.8729,6.0,192.0,2.0,2.0,6.0,539.0,1.7825,731.0,6.54,10018.0,4.0,22.32,77.78,129.50302379125097,4.0,14.0
818.0,30.8953,2.0,124.0,0.0,8.0,4.0,319.0,1.8465,443.0,5.36,8084.0,-4.0,24.49,100.0,135.96953545232273,0.0,11.0
1025.0,41.3191,5.0,155.0,0.0,2.0,10.0,375.0,1.934,530.0,5.49,9032.0,8.0,25.87,91.3,145.12074146341465,2.0,21.0
1111.0,42.0427,8.0,187.0,2.0,0.0,5.0,482.0,1.6607,669.0,6.26,9135.0,5.0,23.95,89.47,136.23197119711972,2.0,17.0
1272.0,48.6485,13.0,232.0,0.0,2.0,10.0,506.0,1.7236,738.0,6.72,9460.0,8.0,23.99,94.74,137.68443396226417,1.0,18.0
1373.0,52.438,15.0,250.0,0.0,2.0,7.0,550.0,1.7163,800.0,5.4,13477.0,5.0,23.84,90.32,137.49220684632195,3.0,28.0
1505.0,58.3333,10.0,221.0,2.0,2.0,6.0,558.0,1.932,779.0,5.97,12327.0,4.0,25.45,95.83,139.53480398671095,1.0,23.0
1461.0,56.7718,7.0,211.0,0.0,2.0,5.0,590.0,1.824,801.0,6.29,12328.0,3.0,24.55,64.29,139.8894455852156,5.0,9.0
852.0,33.4202,8.0,144.0,1.0,3.0,6.0,328.0,1.8051,472.0,6.52,6088.0,3.0,24.83,94.74,141.21211267605634,1.0,18.0
800.0,27.3233,9.0,139.0,0.0,2.0,7.0,357.0,1.6129,496.0,7.08,5407.0,5.0,21.92,100.0,122.95485000000001,0.0,9.0
1377.0,52.8695,6.0,234.0,0.0,2.0,6.0,527.0,1.8095,761.0,5.84,11344.0,4.0,24.59,94.74,138.22091503267976,1.0,18.0
1830.0,73.7678,18.0,239.0,0.0,3.0,8.0,596.0,2.1916,835.0,5.21,15753.0,5.0,27.91,90.0,145.11698360655734,2.0,18.0
1483.0,61.783,8.0,206.0,1.0,3.0,12.0,567.0,1.9185,773.0,5.09,13356.0,9.0,28.32,100.0,149.9789615643965,0.0,32.0
1339.0,50.0952,11.0,209.0,1.0,3.0,8.0,605.0,1.645,814.0,7.49,8882.0,5.0,24.22,96.15,134.6846303211352,1.0,25.0
1396.0,54.4198,4.0,208.0,1.0,1.0,6.0,609.0,1.7087,817.0,7.01,9784.0,5.0,26.2,94.44,140.33759312320916,1.0,17.0
809.0,29.8835,4.0,136.0,0.0,2.0,5.0,292.0,1.8902,428.0,5.5,7128.0,3.0,25.77,100.0,132.97972805933253,0.0,10.0
791.0,33.3468,7.0,121.0,0.0,1.0,7.0,348.0,1.6866,469.0,6.6,6049.0,6.0,26.81,100.0,151.76798988622,0.0,17.0
1035.0,30.1706,7.0,166.0,3.0,3.0,8.0,489.0,1.5802,655.0,5.93,8994.0,5.0,19.06,93.75,104.94121739130435,1.0,15.0
1378.0,65.7362,9.0,225.0,0.0,1.0,8.0,511.0,1.8723,736.0,5.4,11828.0,7.0,30.75,94.74,171.73462989840345,1.0,18.0
1414.0,56.5463,9.0,247.0,0.0,4.0,9.0,553.0,1.7675,800.0,5.94,10937.0,5.0,26.67,100.0,143.96512022630836,0.0,15.0
1360.0,57.6539,8.0,206.0,0.0,0.0,9.0,571.0,1.7503,777.0,6.27,10289.0,9.0,28.57,87.5,152.61326470588236,2.0,14.0
1510.0,56.377,8.0,244.0,2.0,1.0,6.0,631.0,1.7257,875.0,6.02,12077.0,5.0,25.42,90.48,134.4087417218543,2.0,19.0
574.0,21.0178,3.0,128.0,0.0,0.0,6.0,261.0,1.4756,389.0,5.93,4992.0,6.0,23.54,100.0,131.81895470383276,0.0,9.0
747.0,30.6578,8.0,97.0,0.0,0.0,6.0,342.0,1.7016,439.0,5.59,7000.0,6.0,27.08,83.33,147.74843373493977,1.0,5.0
945.0,34.9532,2.0,179.0,1.0,0.0,3.0,441.0,1.5242,620.0,6.06,7679.0,3.0,23.88,84.62,133.15504761904762,2.0,11.0
1216.0,48.2211,7.0,197.0,1.0,6.0,7.0,511.0,1.7175,708.0,6.45,8983.0,1.0,27.28,94.29,142.75983552631578,2.0,33.0
1175.0,47.1722,12.0,187.0,0.0,2.0,4.0,493.0,1.7279,680.0,5.98,9369.0,2.0,27.41,100.0,144.5275914893617,0.0,26.0
1115.0,43.3319,11.0,191.0,1.0,4.0,10.0,539.0,1.5274,730.0,6.34,8640.0,6.0,25.43,96.0,139.9056860986547,1.0,24.0
1123.0,42.8204,7.0,173.0,0.0,2.0,9.0,534.0,1.5884,707.0,7.02,7877.0,7.0,25.74,89.47,137.2693143365984,2.0,17.0
636.0,22.6337,4.0,108.0,0.0,2.0,4.0,291.0,1.594,399.0,5.92,5730.0,2.0,24.21,92.31,128.11528301886793,1.0,12.0
633.0,24.657,1.0,109.0,0.0,0.0,1.0,285.0,1.6066,394.0,4.82,6541.0,1.0,25.92,75.0,140.22938388625593,2.0,6.0
967.0,33.9467,3.0,169.0,2.0,1.0,11.0,454.0,1.5522,623.0,6.61,7710.0,10.0,22.32,100.0,126.37861427094106,0.0,20.0
1241.0,51.0264,11.0,194.0,0.0,1.0,6.0,488.0,1.8196,682.0,6.9,8798.0,5.0,26.98,86.67,148.02178887993554,2.0,13.0
1281.0,55.5678,6.0,201.0,0.0,0.0,8.0,547.0,1.7126,748.0,5.99,9911.0,8.0,29.12,90.0,156.1624355971897,2.0,18.0
1262.0,50.4303,10.0,217.0,0.0,3.0,6.0,478.0,1.8158,695.0,6.1,9999.0,3.0,26.72,92.31,143.85822503961967,1.0,12.0
1450.0,53.4218,5.0,193.0,1.0,2.0,13.0,603.0,1.8216,796.0,5.52,13053.0,11.0,26.52,87.5,132.63343448275862,2.0,14.0
766.0,27.5035,6.0,111.0,0.0,1.0,4.0,316.0,1.7939,427.0,4.8,7253.0,3.0,25.26,88.89,129.25926892950392,1.0,8.0
790.0,27.6184,3.0,136.0,1.0,1.0,12.0,297.0,1.8245,433.0,5.15,7249.0,11.0,24.05,100.0,125.85600000000001,0.0,9.0
1152.0,46.5792,14.0,182.0,0.0,1.0,4.0,444.0,1.8403,626.0,5.74,9350.0,3.0,28.88,100.0,145.56,0.0,11.0
1256.0,59.6767,14.0,203.0,0.0,3.0,10.0,473.0,1.858,676.0,6.27,8953.0,7.0,33.22,90.91,171.04786624203822,1.0,10.0
1297.0,57.4658,17.0,195.0,1.0,1.0,16.0,497.0,1.8743,692.0,4.64,12193.0,15.0,30.45,100.0,159.50414803392445,0.0,18.0
1252.0,48.7957,10.0,201.0,2.0,0.0,4.0,476.0,1.8493,677.0,5.86,10099.0,4.0,25.91,100.0,140.30712460063896,0.0,23.0
1216.0,49.327,6.0,170.0,0.0,1.0,8.0,476.0,1.8824,646.0,5.75,9592.0,7.0,27.38,93.75,146.03388157894736,1.0,15.0
645.0,26.7775,5.0,111.0,0.0,2.0,7.0,251.0,1.7818,362.0,4.91,6108.0,5.0,27.72,100.0,149.45581395348836,0.0,8.0
732.0,27.3796,3.0,110.0,0.0,1.0,8.0,274.0,1.9063,384.0,6.21,5712.0,7.0,25.62,91.67,134.65377049180327,1.0,11.0
961.0,33.8631,2.0,159.0,1.0,0.0,8.0,420.0,1.6598,579.0,5.15,9418.0,8.0,23.53,91.67,126.85448491155047,2.0,22.0
1130.0,49.4853,49.0,176.0,1.0,4.0,8.0,427.0,1.874,603.0,5.46,10429.0,4.0,30.05,88.46,157.65228318584073,3.0,23.0
1140.0,45.3353,2.0,167.0,0.0,4.0,11.0,406.0,1.9895,573.0,6.02,8618.0,7.0,28.36,85.0,143.1641052631579,3.0,17.0
1231.0,57.6416,7.0,174.0,0.0,2.0,6.0,425.0,2.0551,599.0,4.99,9861.0,4.0,33.55,86.67,168.5700731112916,2.0,13.0
1008.0,39.8554,5.0,141.0,0.0,0.0,2.0,413.0,1.8195,554.0,6.31,6879.0,2.0,27.28,95.45,142.34071428571428,1.0,21.0
707.0,32.617,3.0,114.0,1.0,4.0,9.0,240.0,1.9972,354.0,5.06,4959.0,5.0,33.46,100.0,166.08373408769447,0.0,13.0
652.0,26.4084,5.0,106.0,0.0,0.0,6.0,259.0,1.7863,365.0,4.07,8172.0,6.0,27.87,100.0,145.81325153374235,0.0,11.0
1288.0,65.7858,5.0,172.0,1.0,2.0,10.0,361.0,2.4165,533.0,5.16,8255.0,8.0,38.37,84.62,183.87335403726706,2.0,11.0
1274.0,55.5775,9.0,143.0,1.0,1.0,9.0,336.0,2.6597,479.0,5.06,9035.0,8.0,34.1,87.5,157.04788069073783,1.0,7.0
812.0,32.9925,17.0,118.0,0.0,1.0,8.0,325.0,1.833,443.0,5.18,7147.0,7.0,28.37,93.75,146.27216748768473,1.0,15.0
780.0,34.797,6.0,116.0,1.0,1.0,11.0,268.0,2.0313,384.0,4.61,6920.0,10.0,32.69,90.0,160.60153846153844,1.0,9.0
1622.0,83.1776,11.0,119.0,2.0,1.0,14.0,413.0,3.0489,532.0,3.38,12818.0,13.0,42.56,97.78,184.611196054254,1.0,44.0
729.0,24.9698,15.0,73.0,1.0,2.0,14.0,277.0,2.0829,350.0,3.5,7800.0,12.0,25.71,80.0,123.30765432098765,1.0,4.0
413.0,12.9029,2.0,53.0,0.0,1.0,5.0,200.0,1.6324,253.0,3.3,7001.0,4.0,21.0,77.78,112.470799031477,2.0,7.0
381.0,15.3981,1.0,54.0,1.0,2.0,6.0,133.0,2.0374,187.0,3.01,6482.0,4.0,28.68,87.5,145.49385826771652,2.0,14.0
439.0,17.3267,3.0,90.0,1.0,5.0,5.0,107.0,2.2284,197.0,3.03,7036.0,0.0,28.73,92.86,142.08683371298403,1.0,13.0
372.0,14.7699,1.0,86.0,1.0,7.0,2.0,111.0,1.8883,197.0,2.22,9771.0,-5.0,28.63,100.0,142.93451612903226,0.0,26.0
580.0,23.119,6.0,104.0,1.0,4.0,5.0,161.0,2.1887,265.0,2.05,16273.0,1.0,30.04,92.31,143.49724137931034,1.0,12.0
809.0,27.4602,4.0,131.0,1.0,28.0,5.0,258.0,2.0797,389.0,1.57,34599.0,-23.0,25.62,93.94,122.19619283065514,2.0,31.0
721.0,17.7463,0.0,102.0,0.0,13.0,8.0,240.0,2.1082,342.0,2.22,18434.0,-5.0,16.86,100.0,88.60843273231623,0.0,37.0
781.0,20.843,1.0,170.0,5.0,29.0,9.0,292.0,1.6905,462.0,1.25,39479.0,-20.0,18.68,100.0,96.07528809218951,0.0,24.0
1180.0,36.3062,7.0,174.0,6.0,95.0,10.0,419.0,1.9899,593.0,1.21,69432.0,-85.0,19.71,96.92,110.76467796610169,2.0,63.0
364.0,15.8,2.0,65.0,0.0,4.0,3.0,105.0,2.1412,170.0,2.98,6613.0,-1.0,28.49,90.91,156.26373626373626,1.0,10.0
267.0,10.9469,0.0,48.0,0.0,2.0,5.0,89.0,1.9489,137.0,4.25,3596.0,3.0,27.74,100.0,147.59865168539324,0.0,5.0
371.0,17.0727,1.0,50.0,0.0,3.0,7.0,89.0,2.6691,139.0,4.03,5428.0,4.0,33.09,100.0,165.66501347708896,0.0,5.0
252.0,12.2717,0.0,39.0,0.0,2.0,4.0,65.0,2.4231,104.0,3.68,3096.0,2.0,34.37,100.0,175.30999999999997,0.0,4.0
208.0,8.6925,0.0,41.0,0.0,2.0,4.0,62.0,2.0194,103.0,4.1,3076.0,2.0,28.7,100.0,150.44711538461542,0.0,5.0
216.0,9.3842,2.0,37.0,0.0,3.0,2.0,63.0,2.16,100.0,4.37,2908.0,-1.0,28.82,100.0,156.40333333333334,0.0,9.0
269.0,12.8509,0.0,41.0,0.0,1.0,3.0,82.0,2.187,123.0,4.81,3555.0,2.0,33.83,100.0,171.98230483271374,0.0,5.0
246.0,9.9646,1.0,42.0,0.0,2.0,3.0,61.0,2.3883,103.0,4.22,2723.0,1.0,29.01,83.33,145.82341463414636,1.0,5.0
236.0,9.0528,0.0,47.0,0.0,2.0,1.0,88.0,1.7481,135.0,4.9,2673.0,-1.0,26.33,100.0,138.09355932203388,0.0,1.0
231.0,8.3439,0.0,42.0,0.0,3.0,5.0,78.0,1.925,120.0,2.49,5021.0,2.0,24.61,100.0,130.0348051948052,0.0,6.0
248.0,8.4701,0.0,32.0,0.0,3.0,4.0,77.0,2.2752,109.0,3.96,4119.0,1.0,24.02,100.0,122.95306451612903,0.0,4.0
126.0,4.6989,1.0,26.0,0.0,2.0,2.0,59.0,1.4824,85.0,2.75,2222.0,0.0,22.99,0.0,134.25428571428571,1.0,0.0
129.0,5.8828,0.0,24.0,0.0,2.0,1.0,46.0,1.8429,70.0,3.76,1701.0,-1.0,29.23,100.0,164.17116279069765,0.0,8.0
192.0,7.4416,0.0,38.0,0.0,4.0,3.0,60.0,1.9592,98.0,5.01,2196.0,-1.0,25.5,87.5,139.53,1.0,7.0
283.0,12.715,4.0,45.0,0.0,1.0,1.0,91.0,2.0809,136.0,3.23,4054.0,0.0,30.11,100.0,161.74558303886926,0.0,7.0
217.0,6.6221,1.0,31.0,1.0,1.0,2.0,85.0,1.8707,116.0,5.6,2357.0,1.0,20.34,83.33,109.85972350230413,1.0,5.0
226.0,10.9585,0.0,42.0,0.0,3.0,2.0,82.0,1.8226,124.0,3.7,2755.0,-1.0,33.89,100.0,174.56017699115046,0.0,2.0
325.0,10.304,1.0,43.0,0.0,5.0,6.0,157.0,1.625,200.0,4.49,2540.0,1.0,23.12,100.0,114.13661538461538,0.0,3.0
244.0,9.4914,20.0,36.0,0.0,1.0,1.0,74.0,2.2182,110.0,3.29,3163.0,0.0,28.44,100.0,140.03704918032787,0.0,1.0
200.0,8.9228,1.0,36.0,0.0,1.0,2.0,73.0,1.8349,109.0,4.7,1938.0,1.0,29.6,0.0,160.6104,0.0,0.0
252.0,9.8883,24.0,37.0,0.0,5.0,3.0,74.0,2.2703,111.0,4.87,2425.0,-2.0,27.3,100.0,141.26142857142855,0.0,1.0
219.0,8.9028,1.0,40.0,0.0,2.0,4.0,85.0,1.752,125.0,4.84,2295.0,2.0,29.76,100.0,146.34739726027397,0.0,4.0
240.0,9.8689,1.0,28.0,0.0,4.0,2.0,90.0,2.0339,118.0,2.4,5037.0,-2.0,29.82,93.75,148.0335,1.0,15.0
254.0,8.2052,0.0,30.0,0.0,0.0,1.0,93.0,2.065,123.0,3.45,4055.0,1.0,23.64,100.0,116.29417322834645,0.0,6.0
251.0,10.5702,1.0,49.0,1.0,2.0,1.0,72.0,2.0744,121.0,2.67,3370.0,-1.0,30.02,100.0,151.60446215139442,0.0,4.0
164.0,6.8697,0.0,36.0,0.0,1.0,5.0,60.0,1.7083,96.0,4.18,1986.0,4.0,28.12,100.0,150.7982926829268,0.0,-4.0
165.0,6.9756,1.0,43.0,0.0,1.0,5.0,61.0,1.5865,104.0,3.21,2647.0,4.0,27.32,100.0,152.19490909090908,0.0,8.0
251.0,9.7421,3.0,39.0,0.0,0.0,4.0,79.0,2.1271,118.0,4.45,2606.0,4.0,29.56,100.0,139.72733067729087,0.0,5.0
213.0,8.1418,3.0,39.0,0.0,4.0,4.0,87.0,1.6905,126.0,3.73,2892.0,0.0,23.78,83.33,137.60788732394366,1.0,5.0
209.0,8.2995,0.0,51.0,0.0,2.0,2.0,78.0,1.6202,129.0,4.16,2164.0,0.0,27.66,100.0,142.95789473684212,0.0,4.0
275.0,12.9732,0.0,49.0,0.0,4.0,3.0,100.0,1.8456,149.0,5.97,2796.0,-1.0,31.82,100.0,169.83098181818184,0.0,6.0
243.0,10.676,2.0,41.0,0.0,0.0,2.0,70.0,2.1892,111.0,5.09,2792.0,2.0,31.54,100.0,158.16296296296295,0.0,9.0
191.0,8.1948,0.0,37.0,1.0,1.0,5.0,71.0,1.7685,108.0,4.3,2281.0,4.0,27.65,100.0,154.45696335078534,0.0,3.0
159.0,6.851,0.0,34.0,1.0,1.0,3.0,65.0,1.6061,99.0,2.94,2483.0,2.0,29.89,100.0,155.11698113207547,0.0,10.0
232.0,10.3585,1.0,42.0,0.0,3.0,1.0,84.0,1.8413,126.0,3.46,3090.0,-2.0,28.22,80.0,160.7353448275862,1.0,4.0
238.0,9.0205,1.0,52.0,0.0,1.0,2.0,84.0,1.75,136.0,4.64,2693.0,1.0,26.19,100.0,136.44453781512604,0.0,3.0
196.0,7.832,1.0,44.0,0.0,5.0,2.0,85.0,1.5194,129.0,2.42,3558.0,-3.0,28.79,100.0,143.8530612244898,0.0,7.0
175.0,6.6959,1.0,39.0,1.0,4.0,0.0,94.0,1.3158,133.0,3.52,2247.0,-4.0,24.35,100.0,137.74422857142858,0.0,2.0
198.0,7.798,7.0,32.0,0.0,3.0,4.0,90.0,1.623,122.0,3.81,3336.0,1.0,25.76,100.0,141.78181818181818,0.0,6.0
146.0,4.8965,2.0,21.0,0.0,0.0,2.0,70.0,1.6044,91.0,2.83,2648.0,2.0,20.64,100.0,120.73561643835615,0.0,4.0
177.0,8.1144,0.0,33.0,0.0,0.0,1.0,79.0,1.5804,112.0,3.52,2757.0,1.0,26.95,100.0,165.0386440677966,0.0,8.0
256.0,8.7878,3.0,44.0,1.0,4.0,2.0,87.0,1.9542,131.0,5.13,2494.0,-2.0,23.2,33.33,123.5784375,2.0,1.0
230.0,9.8112,0.0,44.0,0.0,3.0,1.0,96.0,1.6429,140.0,5.35,2074.0,-2.0,26.63,66.67,153.56660869565218,1.0,2.0
233.0,11.9779,6.0,42.0,0.0,1.0,0.0,84.0,1.8492,126.0,3.97,2849.0,-1.0,35.16,0.0,185.0662660944206,1.0,-1.0
179.0,6.5336,0.0,43.0,0.0,2.0,1.0,76.0,1.5042,119.0,4.75,1938.0,-1.0,23.56,100.0,131.40201117318435,0.0,2.0
198.0,8.6154,1.0,46.0,0.0,4.0,3.0,88.0,1.4776,134.0,4.99,2166.0,-1.0,27.1,100.0,156.64363636363635,0.0,6.0
232.0,11.662,1.0,34.0,0.0,0.0,2.0,83.0,1.9829,117.0,4.94,2511.0,2.0,33.32,83.33,180.96206896551726,1.0,5.0
192.0,8.2397,1.0,42.0,0.0,0.0,0.0,75.0,1.641,117.0,3.68,2448.0,0.0,26.19,66.67,154.494375,2.0,4.0
224.0,8.0259,1.0,40.0,0.0,1.0,0.0,106.0,1.5342,146.0,4.78,2446.0,-1.0,23.68,87.5,128.98767857142857,1.0,7.0
292.0,13.1166,1.0,59.0,0.0,3.0,0.0,93.0,1.9211,152.0,3.74,3826.0,-3.0,30.53,100.0,161.71150684931507,0.0,2.0
330.0,13.4327,6.0,75.0,0.0,3.0,4.0,115.0,1.7368,190.0,2.99,5078.0,1.0,27.16,100.0,146.53854545454547,0.0,12.0
608.0,22.4498,3.0,120.0,0.0,2.0,1.0,168.0,2.1111,288.0,5.81,6148.0,-1.0,25.78,100.0,132.92644736842104,0.0,10.0
613.0,24.2891,3.0,98.0,0.0,1.0,5.0,162.0,2.3577,260.0,5.14,6110.0,4.0,27.76,100.0,142.64398042414356,0.0,17.0
341.0,15.5839,7.0,77.0,0.0,3.0,4.0,119.0,1.7398,196.0,5.05,3704.0,1.0,29.96,100.0,164.52211143695015,0.0,8.0
484.0,17.4006,1.0,123.0,0.0,1.0,4.0,173.0,1.6351,296.0,5.62,4341.0,3.0,23.5,77.78,129.42595041322315,2.0,7.0
821.0,26.9915,9.0,179.0,0.0,4.0,3.0,227.0,2.0222,406.0,5.43,7086.0,-1.0,22.93,100.0,118.35493300852617,0.0,3.0
683.0,25.0692,4.0,176.0,0.0,2.0,2.0,236.0,1.6578,412.0,6.92,4767.0,0.0,24.4,83.33,132.13633967789164,2.0,10.0
925.0,37.1644,5.0,206.0,1.0,3.0,2.0,294.0,1.85,500.0,6.27,7463.0,-1.0,25.82,100.0,144.63982702702702,0.0,21.0
1118.0,41.0961,4.0,262.0,1.0,7.0,3.0,327.0,1.8981,589.0,5.76,9736.0,-4.0,24.86,100.0,132.3309123434705,0.0,48.0
1282.0,44.3627,7.0,290.0,0.0,2.0,12.0,364.0,1.9602,654.0,6.03,11014.0,10.0,22.89,95.83,124.57544461778471,1.0,23.0
696.0,26.15,0.0,192.0,0.0,4.0,4.0,222.0,1.6812,414.0,5.87,5924.0,0.0,24.84,94.74,135.25862068965517,1.0,18.0
1182.0,42.0129,3.0,254.0,0.0,4.0,4.0,359.0,1.9282,613.0,6.82,8827.0,0.0,24.33,100.0,127.95807106598986,0.0,12.0
1337.0,49.2323,8.0,302.0,0.0,3.0,6.0,401.0,1.9018,703.0,6.32,10847.0,3.0,24.2,96.55,132.5626626776365,1.0,28.0
1751.0,63.6856,13.0,354.0,1.0,1.0,10.0,477.0,2.1071,831.0,6.46,13825.0,9.0,24.13,96.77,130.9355568246716,2.0,60.0
1728.0,61.538,7.0,402.0,2.0,5.0,5.0,558.0,1.8,960.0,5.84,14849.0,0.0,24.02,71.43,128.20416666666665,4.0,10.0
2017.0,72.8644,9.0,442.0,0.0,3.0,6.0,526.0,2.0837,968.0,4.82,21576.0,3.0,24.94,87.5,130.05049082796234,4.0,28.0
2200.0,82.6707,10.0,463.0,0.0,1.0,7.0,640.0,1.9946,1103.0,6.11,17243.0,6.0,26.09,98.21,135.27932727272724,1.0,55.0
1636.0,67.3136,5.0,327.0,0.0,0.0,4.0,420.0,2.1901,747.0,4.44,16589.0,4.0,28.04,100.0,148.12283618581907,0.0,41.0
1754.0,66.5973,15.0,361.0,0.0,1.0,9.0,531.0,1.9664,892.0,5.19,15871.0,8.0,25.09,100.0,136.6877309007982,0.0,25.0
1607.0,65.5416,9.0,376.0,0.0,3.0,9.0,527.0,1.7796,903.0,5.07,15179.0,6.0,27.04,90.0,146.82623522090853,3.0,27.0
1802.0,70.4644,9.0,391.0,1.0,2.0,5.0,516.0,1.9868,907.0,5.36,17644.0,3.0,25.51,89.47,140.77238623751387,4.0,34.0
1862.0,69.3226,11.0,385.0,0.0,4.0,11.0,576.0,1.9376,961.0,6.2,15013.0,7.0,25.03,97.14,134.02865735767992,1.0,34.0
1957.0,72.6399,13.0,418.0,1.0,5.0,6.0,590.0,1.9415,1008.0,6.39,15874.0,1.0,25.26,89.29,133.62475217169137,3.0,25.0
1360.0,51.5114,7.0,274.0,0.0,2.0,9.0,397.0,2.0268,671.0,5.0,13084.0,7.0,25.48,91.3,136.35370588235295,2.0,21.0
1025.0,39.2391,7.0,212.0,0.0,2.0,6.0,306.0,1.9788,518.0,5.89,8289.0,4.0,26.98,91.3,137.8153756097561,2.0,21.0
1367.0,54.0136,12.0,291.0,0.0,3.0,8.0,375.0,2.0526,666.0,6.1,10565.0,5.0,27.52,94.44,142.2450329188003,1.0,17.0
1637.0,55.5398,22.0,351.0,0.0,1.0,3.0,457.0,2.026,808.0,6.38,11733.0,2.0,23.0,93.33,122.14006108735492,1.0,14.0
1322.0,50.5142,11.0,308.0,3.0,0.0,5.0,441.0,1.765,749.0,6.29,10486.0,5.0,25.01,92.86,137.55757942511346,1.0,13.0
1564.0,62.0414,10.0,287.0,0.0,0.0,8.0,473.0,2.0579,760.0,5.6,13915.0,8.0,25.71,95.83,142.8062915601023,1.0,23.0
1501.0,59.2962,7.0,326.0,1.0,2.0,8.0,466.0,1.8952,792.0,6.2,12638.0,6.0,25.35,81.82,142.21606928714192,2.0,9.0
1389.0,53.4419,5.0,302.0,6.0,3.0,7.0,440.0,1.872,742.0,5.75,12170.0,4.0,24.87,92.31,138.51032397408207,2.0,24.0
889.0,33.148,6.0,188.0,0.0,0.0,4.0,293.0,1.8482,481.0,5.68,7869.0,4.0,24.82,100.0,134.2326209223847,0.0,14.0
1232.0,42.3399,7.0,231.0,1.0,2.0,9.0,366.0,2.0637,597.0,6.75,8621.0,7.0,22.9,96.0,123.72048701298702,1.0,24.0
1376.0,49.5298,6.0,259.0,1.0,2.0,7.0,413.0,2.0476,672.0,5.18,11103.0,5.0,24.32,100.0,129.58377906976744,0.0,22.0
1534.0,62.7927,13.0,282.0,2.0,5.0,11.0,474.0,2.0291,756.0,5.91,12005.0,6.0,27.21,91.3,147.36226857887874,2.0,21.0
1179.0,46.4446,5.0,259.0,1.0,0.0,5.0,417.0,1.7441,676.0,5.8,10066.0,5.0,25.43,91.67,141.81557251908396,1.0,11.0
1276.0,42.1358,17.0,270.0,0.0,1.0,6.0,420.0,1.8493,690.0,6.43,8907.0,5.0,22.39,93.75,118.87843260188089,2.0,30.0
1405.0,52.0835,22.0,269.0,0.0,2.0,7.0,460.0,1.9273,729.0,4.9,13332.0,5.0,24.61,100.0,133.452384341637,0.0,39.0
852.0,32.3317,8.0,167.0,0.0,4.0,9.0,282.0,1.8976,449.0,4.65,8773.0,5.0,25.12,96.55,136.61281690140845,1.0,28.0
944.0,32.2307,6.0,197.0,0.0,0.0,7.0,311.0,1.8583,508.0,5.75,8186.0,7.0,23.19,88.89,122.91368644067795,3.0,24.0
1235.0,38.2461,10.0,244.0,1.0,1.0,4.0,473.0,1.7225,717.0,6.38,8913.0,3.0,20.94,100.0,111.48660728744939,0.0,27.0
1130.0,38.0672,11.0,244.0,0.0,4.0,7.0,422.0,1.6967,666.0,6.22,8453.0,3.0,22.1,95.24,121.2760353982301,1.0,20.0
1211.0,42.1639,7.0,255.0,1.0,3.0,11.0,433.0,1.7602,688.0,6.02,9083.0,8.0,22.76,91.3,125.34272502064408,2.0,21.0
1127.0,41.2286,13.0,273.0,1.0,1.0,5.0,407.0,1.6574,680.0,6.4,8498.0,4.0,23.17,95.0,131.69739130434783,1.0,19.0
1376.0,55.3208,7.0,253.0,1.0,2.0,6.0,447.0,1.9657,700.0,5.19,12659.0,4.0,27.0,95.24,144.7346511627907,2.0,40.0
751.0,27.5927,2.0,173.0,0.0,2.0,5.0,259.0,1.7384,432.0,5.74,5571.0,3.0,25.47,100.0,132.2686018641811,0.0,14.0
784.0,28.1786,9.0,164.0,2.0,0.0,3.0,281.0,1.7618,445.0,6.11,6608.0,3.0,23.32,100.0,129.39153061224488,0.0,-6.0
1041.0,37.4954,10.0,213.0,1.0,2.0,6.0,362.0,1.8104,575.0,6.13,7484.0,4.0,24.03,92.86,129.66708933717575,1.0,13.0
1036.0,37.3766,7.0,221.0,1.0,2.0,10.0,364.0,1.7709,585.0,6.24,8078.0,8.0,23.57,91.67,129.88007722007723,1.0,11.0
1087.0,42.743,9.0,225.0,0.0,3.0,3.0,412.0,1.7064,637.0,5.32,9457.0,0.0,26.01,100.0,141.55915363385466,0.0,5.0
1226.0,41.9455,5.0,255.0,0.0,1.0,5.0,383.0,1.9216,638.0,6.39,7994.0,4.0,22.48,100.0,123.16786296900491,0.0,41.0
1231.0,44.1127,3.0,244.0,2.0,1.0,6.0,440.0,1.7997,684.0,5.78,9839.0,5.0,24.32,88.89,129.00545897644193,2.0,16.0
758.0,28.0656,4.0,142.0,0.0,2.0,4.0,240.0,1.9843,382.0,3.72,9113.0,2.0,26.28,100.0,133.2930870712401,0.0,9.0
814.0,31.0632,5.0,167.0,0.0,4.0,7.0,302.0,1.7356,469.0,6.0,6836.0,3.0,25.73,100.0,137.3802457002457,0.0,18.0
963.0,31.5406,10.0,201.0,0.0,2.0,7.0,395.0,1.6158,596.0,5.64,7745.0,5.0,21.55,88.24,117.90878504672898,2.0,15.0
962.0,37.0778,11.0,175.0,0.0,4.0,9.0,340.0,1.868,515.0,4.88,7399.0,5.0,23.94,100.0,138.75268191268194,0.0,24.0
1074.0,42.1934,6.0,179.0,0.0,4.0,11.0,409.0,1.8265,588.0,6.32,8598.0,7.0,26.2,100.0,141.4303910614525,0.0,36.0
646.0,25.262,3.0,144.0,0.0,3.0,4.0,227.0,1.7412,371.0,4.61,6591.0,1.0,26.19,94.12,140.77894736842106,1.0,16.0
743.0,28.3296,4.0,127.0,0.0,0.0,1.0,194.0,2.3146,321.0,5.42,7357.0,1.0,25.68,87.5,137.26320323014804,1.0,7.0
659.0,26.9712,5.0,129.0,0.0,0.0,3.0,188.0,2.0789,317.0,4.09,7330.0,3.0,27.9,100.0,147.33887708649468,0.0,14.0
714.0,26.1006,7.0,142.0,0.0,2.0,6.0,217.0,1.9889,359.0,5.75,6103.0,4.0,24.71,100.0,131.59966386554623,0.0,10.0
898.0,33.0907,3.0,166.0,1.0,4.0,5.0,378.0,1.6507,544.0,5.37,6742.0,1.0,24.98,100.0,132.6575946547884,0.0,16.0
968.0,38.3941,11.0,170.0,2.0,2.0,7.0,364.0,1.8127,534.0,5.44,8139.0,5.0,27.01,100.0,142.78797520661158,0.0,18.0
986.0,39.4814,6.0,170.0,1.0,2.0,8.0,365.0,1.843,535.0,5.5,8363.0,6.0,26.01,90.48,144.15115618661258,2.0,19.0
801.0,31.6865,6.0,169.0,1.0,2.0,3.0,296.0,1.7226,465.0,5.67,5928.0,1.0,26.96,90.91,142.41123595505618,2.0,20.0
603.0,22.6169,2.0,126.0,0.0,1.0,3.0,175.0,2.0033,301.0,4.58,5980.0,2.0,26.7,91.67,135.02626865671644,1.0,11.0
565.0,23.9452,3.0,127.0,0.0,1.0,4.0,183.0,1.8226,310.0,4.44,4659.0,3.0,28.01,100.0,152.57118584070795,0.0,5.0
655.0,24.5032,7.0,138.0,1.0,4.0,4.0,223.0,1.8144,361.0,4.82,6726.0,0.0,25.35,100.0,134.67407633587786,0.0,13.0
855.0,32.2653,5.0,184.0,1.0,2.0,5.0,309.0,1.7343,493.0,5.63,6692.0,3.0,25.57,92.86,135.85389473684214,1.0,13.0
1016.0,38.5122,8.0,202.0,1.0,2.0,4.0,353.0,1.8306,555.0,6.91,7237.0,2.0,25.5,100.0,136.46055118110237,0.0,10.0
943.0,33.7537,6.0,191.0,1.0,3.0,4.0,362.0,1.7052,553.0,5.03,9124.0,1.0,23.22,85.71,128.8582396606575,2.0,12.0
964.0,36.5625,8.0,202.0,1.0,2.0,6.0,333.0,1.8019,535.0,5.41,8815.0,4.0,25.74,94.74,136.54045643153526,1.0,18.0
795.0,32.1389,0.0,172.0,0.0,1.0,4.0,343.0,1.5437,515.0,5.75,6771.0,3.0,26.05,91.67,145.53464150943395,1.0,11.0
600.0,22.6816,0.0,140.0,0.0,0.0,1.0,176.0,1.8987,316.0,4.71,5990.0,1.0,25.66,90.91,136.0896,1.0,10.0
601.0,21.7932,4.0,134.0,0.0,4.0,4.0,203.0,1.7834,337.0,6.36,4452.0,0.0,24.6,100.0,130.54163061564057,0.0,11.0
717.0,25.3614,4.0,173.0,0.0,1.0,5.0,278.0,1.5898,451.0,4.91,5962.0,4.0,23.04,100.0,127.33757322175731,0.0,13.0
861.0,30.0104,2.0,199.0,0.0,1.0,3.0,307.0,1.7016,506.0,4.58,7600.0,2.0,23.23,91.67,125.47902439024391,1.0,11.0
1030.0,43.7335,10.0,183.0,2.0,4.0,11.0,358.0,1.9039,541.0,5.48,9145.0,7.0,28.14,86.67,152.8549514563107,2.0,13.0
1041.0,43.695,5.0,232.0,0.0,3.0,11.0,352.0,1.7825,584.0,6.18,8216.0,8.0,28.05,96.43,151.10662824207492,1.0,27.0
990.0,39.2339,9.0,195.0,1.0,5.0,8.0,350.0,1.8165,545.0,4.38,10003.0,3.0,25.36,70.0,142.66872727272727,3.0,7.0
592.0,21.1696,3.0,170.0,0.0,3.0,1.0,228.0,1.4874,398.0,4.12,6023.0,-2.0,23.06,100.0,128.73405405405404,0.0,7.0
645.0,23.4437,5.0,157.0,3.0,1.0,3.0,243.0,1.6125,400.0,5.19,5898.0,2.0,23.78,100.0,130.84855813953487,0.0,10.0
1014.0,35.2201,11.0,163.0,0.0,2.0,13.0,347.0,1.9882,510.0,5.96,8067.0,11.0,23.44,95.45,125.04177514792902,1.0,21.0
962.0,40.462,2.0,165.0,0.0,5.0,7.0,315.0,2.0042,480.0,5.31,8924.0,2.0,29.05,100.0,151.41704781704783,0.0,18.0
941.0,33.1723,9.0,173.0,1.0,4.0,11.0,368.0,1.7394,541.0,4.78,9609.0,7.0,24.39,100.0,126.90784272051009,0.0,22.0
1055.0,38.9776,8.0,218.0,0.0,6.0,3.0,365.0,1.8096,583.0,5.6,8303.0,-3.0,25.31,92.31,133.0041327014218,2.0,24.0
1179.0,43.7962,8.0,217.0,1.0,15.0,19.0,433.0,1.8138,650.0,5.3,9624.0,4.0,25.33,93.75,133.72885496183207,1.0,15.0
722.0,26.5902,2.0,136.0,1.0,4.0,3.0,236.0,1.9409,372.0,4.32,7078.0,-1.0,25.19,77.78,132.58271468144045,2.0,7.0
748.0,28.7644,4.0,163.0,0.0,4.0,8.0,282.0,1.6809,445.0,5.19,5931.0,4.0,26.25,100.0,138.43828877005348,0.0,10.0
1064.0,38.6076,3.0,190.0,0.0,0.0,7.0,406.0,1.7852,596.0,5.75,8887.0,7.0,24.3,91.67,130.62721804511276,1.0,11.0
1067.0,37.6271,5.0,195.0,0.0,1.0,8.0,401.0,1.7903,596.0,6.46,7936.0,7.0,24.41,100.0,126.9517900656045,0.0,53.0
1176.0,45.6936,3.0,202.0,2.0,2.0,8.0,430.0,1.8608,632.0,5.89,9681.0,6.0,26.65,95.0,139.8783673469388,2.0,38.0
1152.0,44.4725,5.0,218.0,1.0,2.0,11.0,384.0,1.9136,602.0,6.41,8108.0,9.0,26.16,89.47,138.9765625,2.0,17.0
1294.0,43.2791,5.0,215.0,2.0,5.0,8.0,445.0,1.9606,660.0,4.9,12265.0,3.0,23.17,96.3,120.40553323029367,1.0,26.0
599.0,23.8778,2.0,135.0,1.0,1.0,5.0,215.0,1.7114,350.0,4.81,5173.0,4.0,26.76,72.73,143.50597662771287,3.0,8.0
770.0,30.9941,1.0,134.0,0.0,2.0,3.0,245.0,2.0317,379.0,4.66,8683.0,1.0,27.01,100.0,144.90748051948052,0.0,8.0
1002.0,42.0716,4.0,161.0,0.0,6.0,7.0,353.0,1.9494,514.0,5.1,9501.0,1.0,28.83,89.47,151.1554491017964,2.0,17.0
929.0,32.4862,4.0,167.0,1.0,4.0,5.0,316.0,1.9234,483.0,5.89,6313.0,1.0,23.47,92.31,125.88839612486544,1.0,12.0
1042.0,38.0499,10.0,172.0,0.0,7.0,9.0,373.0,1.9119,545.0,5.36,9014.0,2.0,24.77,89.66,131.4583877159309,3.0,26.0
991.0,37.6917,5.0,167.0,0.0,2.0,10.0,374.0,1.8318,541.0,5.9,7910.0,8.0,25.66,100.0,136.92242179616548,0.0,10.0
1005.0,40.9953,4.0,175.0,0.0,3.0,10.0,357.0,1.8891,532.0,6.13,7672.0,7.0,27.53,88.89,146.84883582089552,2.0,16.0
549.0,21.8643,2.0,117.0,0.0,3.0,2.0,198.0,1.7429,315.0,4.15,5644.0,-1.0,27.75,80.0,143.37245901639344,1.0,4.0
681.0,30.2946,2.0,136.0,0.0,1.0,0.0,216.0,1.9347,352.0,5.59,5577.0,-1.0,30.93,100.0,160.1476651982379,0.0,15.0
974.0,39.4248,12.0,170.0,1.0,3.0,8.0,354.0,1.8588,524.0,4.57,10106.0,5.0,26.31,87.5,145.71794661190964,3.0,21.0
1025.0,40.3216,9.0,207.0,0.0,4.0,10.0,322.0,1.9376,529.0,4.53,10432.0,6.0,26.43,88.89,141.61732682926828,2.0,16.0
988.0,38.6149,5.0,175.0,0.0,2.0,6.0,337.0,1.9297,512.0,5.99,8008.0,4.0,26.84,100.0,140.70206477732793,0.0,8.0
1003.0,35.6621,5.0,188.0,1.0,1.0,4.0,358.0,1.837,546.0,6.38,7356.0,3.0,25.03,106.25,127.99956131605185,-1.0,17.0
963.0,38.932,5.0,163.0,1.0,4.0,9.0,316.0,2.0104,479.0,5.25,9364.0,5.0,27.4,90.48,145.54018691588786,2.0,19.0
591.0,25.2729,5.0,108.0,1.0,2.0,2.0,181.0,2.045,289.0,4.82,4297.0,0.0,30.93,100.0,153.94659898477158,0.0,9.0
556.0,18.8629,3.0,92.0,0.0,4.0,5.0,208.0,1.8533,300.0,4.24,5660.0,1.0,23.54,100.0,122.13388489208633,0.0,4.0
708.0,26.3218,1.0,151.0,2.0,5.0,3.0,274.0,1.6659,425.0,4.45,7826.0,-2.0,24.95,80.0,133.83966101694915,2.0,8.0
904.0,39.513,2.0,151.0,0.0,2.0,3.0,312.0,1.9525,463.0,7.15,6828.0,1.0,30.91,91.67,157.35265486725663,1.0,11.0
999.0,37.7096,5.0,156.0,0.0,5.0,5.0,355.0,1.955,511.0,5.83,8870.0,0.0,25.91,90.48,135.89045045045046,2.0,19.0
801.0,32.868,8.0,146.0,0.0,2.0,5.0,340.0,1.6481,486.0,6.63,5955.0,3.0,26.45,92.86,147.72134831460676,1.0,13.0
826.0,31.4693,0.0,146.0,0.0,2.0,7.0,346.0,1.6789,492.0,4.75,7742.0,5.0,25.6,91.67,137.15433414043582,1.0,11.0
662.0,24.8536,2.0,121.0,1.0,3.0,4.0,193.0,2.1083,314.0,4.07,6150.0,1.0,26.27,100.0,135.15552870090636,0.0,7.0
530.0,20.4714,14.0,103.0,0.0,2.0,3.0,201.0,1.7434,304.0,3.85,6728.0,1.0,25.5,100.0,139.0510188679245,0.0,7.0
678.0,24.6296,4.0,114.0,0.0,4.0,3.0,286.0,1.695,400.0,5.72,5212.0,-1.0,25.08,100.0,130.77663716814158,0.0,12.0
732.0,29.942,4.0,125.0,0.0,3.0,9.0,295.0,1.7429,420.0,3.45,9278.0,6.0,27.64,100.0,147.25573770491803,0.0,15.0
698.0,29.0974,6.0,114.0,1.0,2.0,7.0,265.0,1.8417,379.0,4.28,7831.0,5.0,28.57,100.0,150.07255014326648,0.0,12.0
477.0,23.3026,4.0,83.0,0.0,4.0,4.0,163.0,1.939,246.0,5.27,4210.0,0.0,32.56,100.0,175.86867924528303,0.0,11.0
621.0,21.5758,4.0,102.0,0.0,3.0,3.0,183.0,2.1789,285.0,5.47,4989.0,0.0,25.13,100.0,125.07710144927537,0.0,6.0
430.0,15.2631,3.0,81.0,0.0,4.0,3.0,147.0,1.886,228.0,5.25,3274.0,-1.0,24.67,100.0,127.7840930232558,0.0,5.0
523.0,15.7283,3.0,95.0,0.0,2.0,1.0,169.0,1.9811,264.0,5.92,4090.0,-1.0,22.37,100.0,108.2636328871893,0.0,6.0
704.0,20.538,4.0,112.0,0.0,6.0,7.0,253.0,1.9288,365.0,5.64,5782.0,1.0,20.59,75.0,105.02386363636364,1.0,3.0
891.0,26.7983,5.0,148.0,2.0,1.0,7.0,250.0,2.2387,398.0,6.8,7144.0,6.0,21.07,100.0,108.2759595959596,0.0,7.0
717.0,25.4646,8.0,125.0,1.0,5.0,4.0,266.0,1.8338,391.0,6.09,6597.0,-1.0,24.99,90.0,127.85573221757322,1.0,9.0
927.0,28.0736,4.0,135.0,0.0,3.0,8.0,248.0,2.4204,383.0,5.87,9755.0,5.0,22.7,90.0,109.02368932038834,1.0,9.0
684.0,25.7936,3.0,154.0,0.0,4.0,2.0,238.0,1.7449,392.0,4.61,7199.0,-2.0,25.57,85.71,135.75578947368422,2.0,12.0
506.0,18.3662,4.0,96.0,0.0,2.0,3.0,154.0,2.024,250.0,5.17,4627.0,1.0,25.88,94.44,130.6686166007905,1.0,17.0
420.0,17.1398,3.0,92.0,0.0,2.0,4.0,148.0,1.75,240.0,4.25,4616.0,2.0,28.01,83.33,146.91257142857145,1.0,5.0
576.0,21.3007,2.0,146.0,1.0,2.0,3.0,197.0,1.6793,343.0,4.45,5912.0,1.0,24.95,100.0,133.12937499999998,0.0,11.0
783.0,31.6825,5.0,154.0,1.0,0.0,4.0,293.0,1.7517,447.0,6.11,5858.0,4.0,27.64,81.82,145.66666666666666,2.0,9.0
657.0,27.3147,4.0,118.0,0.0,5.0,2.0,213.0,1.9849,331.0,4.97,5174.0,-3.0,30.5,94.44,149.6695890410959,1.0,17.0
732.0,33.2268,7.0,164.0,0.0,0.0,6.0,296.0,1.5913,460.0,5.45,6075.0,6.0,31.47,88.89,163.4104918032787,2.0,16.0
797.0,35.3677,7.0,142.0,0.0,4.0,5.0,329.0,1.6921,471.0,5.51,7242.0,1.0,30.32,100.0,159.75372647427855,0.0,10.0
606.0,28.3187,3.0,131.0,0.0,5.0,6.0,207.0,1.7929,338.0,4.95,6308.0,1.0,31.5,100.0,168.229900990099,0.0,8.0
659.0,26.8933,0.0,128.0,0.0,5.0,7.0,199.0,2.0153,327.0,5.28,7096.0,2.0,30.65,100.0,146.91332321699545,0.0,14.0
703.0,25.3278,7.0,132.0,0.0,3.0,1.0,310.0,1.5905,442.0,5.45,5967.0,-2.0,23.24,100.0,129.70139402560454,0.0,17.0
789.0,33.4098,7.0,142.0,0.0,4.0,6.0,349.0,1.6069,491.0,4.01,8627.0,2.0,28.53,100.0,152.44015209125473,0.0,16.0
647.0,23.0601,9.0,131.0,0.0,4.0,9.0,271.0,1.6095,402.0,3.98,7379.0,5.0,24.85,90.91,128.30967542503865,1.0,10.0
707.0,29.9436,3.0,134.0,0.0,2.0,4.0,303.0,1.6178,437.0,6.11,4586.0,2.0,28.7,85.71,152.4709476661952,1.0,6.0
825.0,41.3796,3.0,102.0,1.0,3.0,6.0,320.0,1.955,422.0,4.66,8023.0,3.0,35.99,95.45,180.5655272727273,1.0,21.0
509.0,25.2814,1.0,100.0,0.0,1.0,5.0,197.0,1.7138,297.0,4.68,4787.0,4.0,34.53,100.0,178.80754420432223,0.0,13.0
518.0,22.0187,2.0,84.0,0.0,3.0,6.0,224.0,1.6818,308.0,4.11,5663.0,3.0,29.94,92.31,153.02571428571426,1.0,12.0
685.0,30.9614,1.0,115.0,0.0,3.0,8.0,275.0,1.7564,390.0,5.17,5847.0,5.0,32.25,85.71,162.71684671532847,2.0,12.0
702.0,29.4701,3.0,111.0,0.0,2.0,8.0,267.0,1.8571,378.0,4.97,6193.0,6.0,29.66,100.0,151.12871794871796,0.0,12.0
663.0,29.2652,0.0,124.0,0.0,1.0,6.0,268.0,1.6913,392.0,5.28,4927.0,5.0,31.17,88.89,158.9060633484163,1.0,8.0
629.0,24.1375,5.0,109.0,0.0,4.0,3.0,226.0,1.8776,335.0,5.21,5699.0,-1.0,26.53,100.0,138.14785373608902,0.0,12.0
609.0,27.5144,2.0,110.0,1.0,4.0,4.0,213.0,1.8854,323.0,4.78,5813.0,0.0,33.35,100.0,162.64669950738914,0.0,12.0
433.0,20.0328,2.0,70.0,0.0,2.0,5.0,142.0,2.0425,212.0,4.39,4398.0,3.0,33.72,100.0,166.5544572748268,0.0,8.0
490.0,26.0227,2.0,84.0,1.0,6.0,10.0,192.0,1.7754,276.0,4.56,4518.0,4.0,34.61,92.31,191.18718367346938,1.0,12.0
692.0,32.3838,5.0,105.0,0.0,3.0,9.0,269.0,1.8503,374.0,4.78,6380.0,6.0,32.84,100.0,168.4706358381503,0.0,23.0
707.0,34.1108,0.0,121.0,0.0,2.0,5.0,266.0,1.8269,387.0,4.89,6315.0,3.0,32.23,100.0,173.69007072135784,0.0,20.0
800.0,37.0073,2.0,128.0,0.0,3.0,6.0,285.0,1.937,413.0,5.41,6243.0,3.0,31.27,100.0,166.53285,0.0,10.0
762.0,33.0906,7.0,143.0,1.0,3.0,4.0,305.0,1.7009,448.0,5.01,7020.0,1.0,30.77,86.67,156.33354330708661,2.0,13.0
852.0,30.4672,3.0,216.0,1.0,9.0,7.0,332.0,1.5547,548.0,4.37,9479.0,-2.0,28.47,92.59,128.73464788732394,2.0,25.0
568.0,23.7183,3.0,105.0,0.0,5.0,13.0,196.0,1.887,301.0,5.99,4526.0,8.0,27.58,88.89,150.32725352112678,3.0,24.0
559.0,22.8493,6.0,112.0,1.0,3.0,8.0,213.0,1.72,325.0,6.15,4833.0,5.0,25.65,62.5,147.15112701252235,3.0,5.0
628.0,25.6481,9.0,144.0,1.0,5.0,3.0,296.0,1.4273,440.0,6.42,4956.0,-2.0,24.23,90.91,147.02732484076435,1.0,10.0
858.0,40.5666,5.0,161.0,2.0,3.0,11.0,377.0,1.5948,538.0,5.93,7534.0,8.0,30.9,95.45,170.2095104895105,1.0,21.0
863.0,38.8017,5.0,161.0,1.0,0.0,5.0,375.0,1.6101,536.0,5.95,7811.0,5.0,27.41,85.71,161.86108922363846,2.0,12.0
1098.0,47.0762,5.0,224.0,2.0,6.0,13.0,439.0,1.6561,663.0,5.55,10559.0,7.0,27.0,80.0,154.3481967213115,3.0,12.0
1361.0,65.7871,11.0,231.0,1.0,2.0,10.0,482.0,1.9088,713.0,5.68,13214.0,8.0,31.21,95.56,174.01437178545186,2.0,43.0
736.0,36.387,4.0,170.0,1.0,4.0,4.0,276.0,1.6502,446.0,6.36,6223.0,0.0,32.25,97.5,177.97989130434783,1.0,39.0
1122.0,48.2749,10.0,239.0,0.0,4.0,5.0,448.0,1.6332,687.0,6.9,7668.0,1.0,26.92,97.3,154.89272727272729,1.0,36.0
1379.0,56.2782,8.0,258.0,1.0,3.0,11.0,591.0,1.6243,849.0,6.32,10634.0,8.0,25.03,95.12,146.9191588107324,2.0,39.0
1413.0,59.8838,22.0,306.0,0.0,1.0,4.0,553.0,1.6449,859.0,6.52,11786.0,3.0,25.32,82.61,152.57019108280255,4.0,19.0
1514.0,66.7979,6.0,328.0,0.0,4.0,9.0,624.0,1.5903,952.0,7.39,10601.0,5.0,26.74,79.17,158.83252311756937,10.0,38.0
1788.0,77.3282,15.0,341.0,1.0,6.0,7.0,684.0,1.7444,1025.0,7.45,13220.0,1.0,27.32,92.59,155.69436241610737,2.0,25.0
2066.0,96.7299,13.0,380.0,3.0,3.0,15.0,718.0,1.8816,1098.0,7.42,15020.0,12.0,29.64,93.02,168.55161665053242,3.0,40.0
1317.0,57.9147,4.0,258.0,0.0,2.0,5.0,453.0,1.8523,711.0,6.4,10477.0,3.0,28.02,90.63,158.3089749430524,3.0,29.0
1350.0,58.5116,5.0,282.0,3.0,2.0,7.0,551.0,1.6206,833.0,6.55,11170.0,5.0,26.47,90.91,156.03093333333334,2.0,20.0
1728.0,74.3488,9.0,337.0,2.0,4.0,7.0,693.0,1.6777,1030.0,6.55,13860.0,3.0,27.5,93.22,154.89333333333332,4.0,55.0
1725.0,76.0468,14.0,325.0,1.0,1.0,9.0,629.0,1.8082,954.0,5.52,16917.0,8.0,27.47,90.0,158.70636521739132,3.0,27.0
1805.0,81.6324,11.0,334.0,2.0,8.0,8.0,683.0,1.7748,1017.0,8.43,11884.0,0.0,28.15,87.8,162.81254293628808,5.0,36.0
1738.0,75.8036,18.0,341.0,2.0,4.0,12.0,679.0,1.7039,1020.0,6.78,14074.0,8.0,27.0,96.3,157.01551208285386,1.0,26.0
1694.0,71.9628,23.0,360.0,0.0,3.0,11.0,614.0,1.7392,974.0,7.65,12338.0,8.0,26.96,79.31,152.9315702479339,6.0,23.0
1365.0,61.4195,11.0,298.0,0.0,6.0,11.0,399.0,1.9584,697.0,5.54,11428.0,5.0,29.61,85.19,161.9854945054945,4.0,23.0
1155.0,53.3852,11.0,249.0,1.0,4.0,15.0,403.0,1.7715,652.0,6.56,9199.0,11.0,29.67,92.59,166.39542857142857,2.0,25.0
980.0,42.6843,12.0,236.0,1.0,3.0,8.0,348.0,1.6781,584.0,7.06,6873.0,5.0,28.23,91.67,156.79946938775512,2.0,22.0
1087.0,48.6012,13.0,230.0,0.0,3.0,10.0,426.0,1.657,656.0,5.82,9330.0,7.0,29.05,89.47,160.9607359705612,2.0,17.0
970.0,42.1455,4.0,201.0,1.0,7.0,4.0,387.0,1.6497,588.0,6.07,7708.0,-3.0,29.36,100.0,156.4162886597938,0.0,22.0
835.0,36.5278,10.0,179.0,1.0,2.0,5.0,295.0,1.7616,474.0,5.04,7775.0,3.0,28.4,95.65,157.48512574850298,1.0,22.0
694.0,31.7666,1.0,137.0,0.0,4.0,9.0,234.0,1.8706,371.0,5.99,6210.0,5.0,29.64,97.06,164.78351585014408,1.0,33.0
277.0,12.0867,0.0,73.0,0.0,1.0,3.0,124.0,1.4061,197.0,4.67,3107.0,2.0,27.34,90.91,157.08346570397111,1.0,10.0
175.0,7.6425,0.0,58.0,0.0,0.0,2.0,63.0,1.4463,121.0,3.81,2230.0,2.0,26.4,100.0,157.21714285714285,0.0,5.0
340.0,15.436,11.0,81.0,0.0,5.0,2.0,136.0,1.5668,217.0,4.92,3069.0,-3.0,29.51,100.0,163.44,0.0,9.0
601.0,22.0136,6.0,122.0,0.0,1.0,6.0,255.0,1.5942,377.0,6.14,5096.0,5.0,23.41,80.0,131.86183028286192,2.0,8.0
924.0,37.5792,4.0,159.0,0.0,3.0,9.0,382.0,1.7079,541.0,6.45,7266.0,6.0,25.05,88.89,146.41246753246753,2.0,16.0
1141.0,44.3349,11.0,231.0,1.0,4.0,12.0,480.0,1.6048,711.0,6.68,8339.0,8.0,24.34,87.5,139.8822436459246,2.0,14.0
1306.0,53.1127,9.0,265.0,3.0,3.0,6.0,562.0,1.5792,827.0,7.16,8939.0,3.0,24.37,89.47,146.40560490045942,2.0,17.0
729.0,30.9128,6.0,145.0,0.0,2.0,4.0,323.0,1.5577,468.0,5.07,6621.0,2.0,26.08,90.91,152.6558024691358,1.0,10.0
1086.0,44.4091,15.0,204.0,0.0,2.0,7.0,443.0,1.6785,647.0,7.38,7400.0,5.0,25.62,96.3,147.21248618784531,1.0,26.0
1352.0,52.5183,16.0,245.0,0.0,0.0,8.0,586.0,1.627,831.0,6.7,10060.0,8.0,23.93,93.75,139.84162721893492,2.0,30.0
1439.0,55.0919,18.0,260.0,1.0,4.0,16.0,633.0,1.6114,893.0,6.65,10419.0,12.0,23.9,88.89,137.8254621264767,4.0,32.0
1562.0,60.8963,14.0,286.0,1.0,4.0,6.0,648.0,1.6724,934.0,8.24,9854.0,2.0,24.36,94.44,140.34998719590268,1.0,17.0
1451.0,59.5889,26.0,264.0,0.0,4.0,4.0,699.0,1.5067,963.0,7.81,9239.0,0.0,24.58,88.89,147.84289455547898,3.0,24.0
1551.0,62.9042,7.0,286.0,1.0,4.0,9.0,692.0,1.5859,978.0,6.92,11776.0,5.0,24.55,88.57,146.00588007736945,4.0,31.0
858.0,35.7595,2.0,184.0,0.0,2.0,6.0,356.0,1.5889,540.0,6.52,6492.0,4.0,26.07,90.0,150.03986013986017,2.0,18.0
972.0,38.0003,9.0,203.0,2.0,2.0,12.0,427.0,1.5429,630.0,7.15,6672.0,10.0,23.34,90.0,140.74185185185186,2.0,18.0
1237.0,50.9283,10.0,211.0,1.0,1.0,5.0,561.0,1.6023,772.0,7.6,7576.0,4.0,25.56,90.0,148.2149393694422,3.0,27.0
1144.0,48.2845,25.0,243.0,0.0,2.0,7.0,535.0,1.4704,778.0,7.45,7333.0,5.0,24.48,81.82,151.94423076923078,4.0,18.0
1365.0,51.0685,32.0,230.0,1.0,4.0,9.0,645.0,1.56,875.0,7.04,10209.0,5.0,23.69,86.36,134.68615384615384,3.0,19.0
1234.0,48.7892,7.0,212.0,1.0,3.0,9.0,567.0,1.5841,779.0,5.89,10536.0,6.0,24.2,89.47,142.3347811993517,2.0,17.0
1265.0,51.8542,25.0,226.0,0.0,2.0,12.0,585.0,1.5598,811.0,6.61,10030.0,10.0,25.41,89.47,147.5692648221344,2.0,17.0
827.0,26.7726,11.0,145.0,1.0,2.0,3.0,284.0,1.9277,429.0,6.67,6061.0,1.0,21.12,90.0,116.543361547763,1.0,9.0
808.0,31.1086,7.0,159.0,0.0,1.0,5.0,373.0,1.5188,532.0,5.71,7145.0,4.0,23.35,93.33,138.60267326732674,1.0,14.0
1270.0,47.0021,10.0,216.0,1.0,3.0,9.0,512.0,1.7445,728.0,5.79,10902.0,6.0,23.28,100.0,133.23429921259842,0.0,18.0
1225.0,49.7522,5.0,227.0,2.0,5.0,15.0,573.0,1.5313,800.0,6.98,9025.0,10.0,25.4,96.67,146.2105469387755,1.0,29.0
1259.0,54.5295,15.0,208.0,1.0,3.0,7.0,564.0,1.6308,772.0,6.76,8738.0,4.0,28.14,86.96,155.92231930103256,3.0,20.0
1162.0,46.102,4.0,179.0,1.0,4.0,12.0,533.0,1.632,712.0,6.45,8326.0,8.0,25.34,92.31,142.8289156626506,2.0,24.0
1134.0,44.7664,6.0,224.0,1.0,0.0,13.0,520.0,1.5242,744.0,6.6,8332.0,13.0,24.33,94.44,142.11555555555555,1.0,17.0
824.0,34.7169,6.0,150.0,0.0,5.0,5.0,342.0,1.6748,492.0,6.13,6586.0,0.0,26.72,83.33,151.67577669902914,1.0,5.0
809.0,37.5901,14.0,160.0,0.0,1.0,11.0,346.0,1.5988,506.0,6.17,6740.0,10.0,28.7,94.44,167.27362175525337,1.0,17.0
1075.0,44.7334,14.0,186.0,1.0,2.0,6.0,507.0,1.5512,693.0,6.35,7774.0,4.0,26.64,87.5,149.80487441860467,2.0,14.0
1216.0,44.9737,7.0,219.0,1.0,2.0,6.0,536.0,1.6106,755.0,6.17,10050.0,4.0,23.49,75.0,133.14582236842105,5.0,15.0
1234.0,54.1909,12.0,159.0,2.0,1.0,8.0,553.0,1.7331,712.0,5.63,10140.0,7.0,28.04,83.33,158.09338735818477,4.0,20.0
1141.0,47.2434,6.0,172.0,0.0,3.0,8.0,565.0,1.5482,737.0,6.35,8945.0,5.0,25.93,85.19,149.05893076248904,4.0,23.0
1268.0,51.4902,11.0,156.0,1.0,2.0,11.0,593.0,1.6929,749.0,6.61,9928.0,9.0,27.0,100.0,146.1866876971609,0.0,32.0
776.0,32.4133,2.0,118.0,1.0,7.0,10.0,340.0,1.6943,458.0,5.38,6299.0,3.0,27.4,93.33,150.3709793814433,1.0,14.0
700.0,27.0986,7.0,102.0,1.0,4.0,3.0,367.0,1.4925,469.0,5.21,6175.0,-1.0,24.15,88.24,139.36422857142858,2.0,15.0
1152.0,49.9955,6.0,135.0,0.0,1.0,7.0,536.0,1.7168,671.0,5.67,8948.0,6.0,28.83,96.0,156.23593749999998,1.0,24.0
1084.0,47.6809,7.0,136.0,0.0,3.0,9.0,560.0,1.5575,696.0,5.66,9649.0,6.0,27.47,94.87,158.34985239852398,2.0,37.0
1152.0,48.9266,10.0,167.0,1.0,6.0,12.0,558.0,1.589,725.0,6.17,8480.0,6.0,27.5,90.63,152.895625,3.0,29.0
1209.0,46.9872,12.0,173.0,0.0,3.0,18.0,566.0,1.636,739.0,5.66,10492.0,15.0,24.28,96.67,139.91225806451615,1.0,29.0
1310.0,57.6626,6.0,158.0,1.0,2.0,12.0,637.0,1.6478,795.0,6.74,9141.0,10.0,27.61,100.0,158.462106870229,0.0,23.0
770.0,29.7273,7.0,116.0,0.0,3.0,6.0,353.0,1.6418,469.0,5.83,6684.0,3.0,23.88,87.5,138.98477922077922,2.0,14.0
760.0,29.6484,5.0,115.0,0.0,4.0,5.0,387.0,1.5139,502.0,5.25,7066.0,1.0,24.06,78.95,140.4397894736842,4.0,15.0
1125.0,43.0608,12.0,159.0,2.0,2.0,8.0,550.0,1.5867,709.0,5.55,9650.0,6.0,23.91,100.0,137.79456,0.0,19.0
1020.0,44.0799,8.0,149.0,0.0,4.0,9.0,532.0,1.4978,681.0,3.95,13140.0,5.0,27.29,100.0,155.57611764705885,0.0,17.0
1118.0,44.2018,1.0,158.0,1.0,3.0,12.0,553.0,1.5724,711.0,6.01,8726.0,9.0,25.43,92.86,142.33137745974955,2.0,26.0
1189.0,43.6462,10.0,139.0,3.0,2.0,11.0,583.0,1.6468,722.0,6.9,8488.0,9.0,23.26,97.06,132.1499747687132,1.0,33.0
1251.0,52.9076,19.0,147.0,0.0,2.0,10.0,627.0,1.6163,774.0,5.82,10213.0,8.0,26.99,90.0,152.25208633093527,2.0,18.0
775.0,29.8483,5.0,157.0,0.0,3.0,7.0,324.0,1.6112,481.0,5.31,6514.0,4.0,25.15,85.71,138.65016774193546,2.0,12.0
812.0,37.2829,9.0,147.0,0.0,3.0,8.0,368.0,1.5767,515.0,5.57,7167.0,5.0,29.56,80.0,165.29364532019704,3.0,12.0
1064.0,43.4385,9.0,163.0,0.0,7.0,7.0,534.0,1.5265,697.0,5.19,10447.0,0.0,26.41,90.91,146.97236842105264,2.0,20.0
1156.0,45.37,7.0,194.0,3.0,3.0,7.0,564.0,1.5251,758.0,6.28,9221.0,4.0,24.36,80.95,141.29065743944636,4.0,17.0
1427.0,52.8587,19.0,203.0,2.0,6.0,14.0,654.0,1.6651,857.0,5.76,11223.0,8.0,24.28,87.5,133.3506096706377,3.0,21.0
1232.0,45.4055,7.0,181.0,1.0,3.0,8.0,658.0,1.4684,839.0,5.86,8806.0,5.0,22.68,89.47,132.6784090909091,2.0,17.0
1211.0,52.6724,7.0,202.0,3.0,4.0,17.0,535.0,1.6431,737.0,5.72,9374.0,13.0,27.47,88.89,156.5818662262593,4.0,32.0
974.0,44.2607,3.0,165.0,0.0,3.0,7.0,361.0,1.8517,526.0,6.81,6355.0,4.0,29.14,96.15,163.591909650924,1.0,25.0
1140.0,45.4052,9.0,180.0,0.0,3.0,12.0,371.0,2.069,551.0,6.62,9110.0,9.0,26.22,92.31,143.38484210526315,2.0,24.0
1166.0,48.6172,5.0,180.0,0.0,2.0,12.0,423.0,1.9337,603.0,6.29,9578.0,10.0,27.57,84.21,150.10456260720412,3.0,16.0
1051.0,42.0796,8.0,164.0,1.0,1.0,5.0,470.0,1.6577,634.0,6.07,8370.0,4.0,25.83,79.17,144.13564224548048,5.0,19.0
1123.0,48.2986,5.0,197.0,0.0,1.0,10.0,514.0,1.5795,711.0,6.13,8485.0,9.0,27.55,95.0,154.83077471059661,1.0,19.0
1032.0,44.1422,5.0,156.0,0.0,1.0,6.0,477.0,1.6303,633.0,5.63,8674.0,5.0,27.56,93.33,153.98441860465118,1.0,14.0
1030.0,39.9811,13.0,171.0,0.0,3.0,5.0,400.0,1.8039,571.0,5.74,8622.0,2.0,26.06,85.0,139.73976699029126,3.0,17.0
687.0,28.4553,3.0,105.0,0.0,2.0,3.0,255.0,1.9083,360.0,4.88,7005.0,1.0,27.81,90.0,149.1107423580786,1.0,9.0
668.0,27.8201,10.0,113.0,1.0,2.0,9.0,278.0,1.7084,391.0,4.69,6672.0,7.0,27.65,100.0,149.92868263473054,0.0,18.0
932.0,36.3756,7.0,175.0,0.0,4.0,9.0,431.0,1.538,606.0,5.43,8323.0,5.0,24.69,73.68,140.50660944206007,5.0,14.0
1035.0,42.2856,5.0,168.0,2.0,2.0,6.0,514.0,1.5176,682.0,6.44,7590.0,4.0,26.27,86.36,147.08034782608695,3.0,19.0
1268.0,57.232,7.0,205.0,0.0,0.0,3.0,552.0,1.675,757.0,5.89,8638.0,3.0,29.99,89.47,162.4883280757098,2.0,17.0
1081.0,43.8468,7.0,175.0,0.0,4.0,11.0,553.0,1.4849,728.0,6.02,8339.0,7.0,26.97,96.0,146.020795559667,1.0,24.0
1363.0,56.1653,19.0,188.0,2.0,4.0,16.0,607.0,1.7145,795.0,5.48,11770.0,12.0,27.43,95.65,148.34561995597946,1.0,22.0
804.0,30.9756,3.0,120.0,0.0,2.0,11.0,337.0,1.7593,457.0,4.96,7384.0,9.0,26.02,92.86,138.69671641791047,1.0,13.0
902.0,33.9548,12.0,148.0,0.0,5.0,4.0,424.0,1.5769,572.0,5.81,6803.0,-1.0,25.09,100.0,135.51804878048782,0.0,11.0
1114.0,41.0383,10.0,162.0,1.0,0.0,3.0,542.0,1.5824,704.0,5.72,10170.0,3.0,24.48,76.47,132.61928186714542,4.0,13.0
1193.0,47.6982,11.0,162.0,1.0,2.0,7.0,580.0,1.6078,742.0,5.8,10671.0,5.0,27.1,81.25,143.93421626152556,3.0,13.0
1522.0,66.7154,15.0,216.0,0.0,5.0,11.0,658.0,1.7414,874.0,6.62,10851.0,6.0,29.54,94.44,157.80252299605783,1.0,17.0
1251.0,47.6906,17.0,201.0,0.0,7.0,5.0,617.0,1.5293,818.0,5.92,9960.0,-2.0,25.32,80.0,137.23913669064748,4.0,16.0
1278.0,55.4898,7.0,207.0,0.0,3.0,10.0,585.0,1.6136,792.0,6.34,9753.0,7.0,28.97,100.0,156.3092957746479,0.0,30.0
771.0,34.0413,4.0,137.0,1.0,5.0,4.0,332.0,1.6439,469.0,5.13,7198.0,-1.0,29.59,100.0,158.94770428015562,0.0,10.0
878.0,38.1127,14.0,139.0,0.0,7.0,6.0,353.0,1.7846,492.0,5.1,7924.0,-1.0,29.25,93.33,156.27075170842824,1.0,14.0
1031.0,42.7577,5.0,166.0,0.0,1.0,9.0,499.0,1.548,666.0,5.67,8776.0,8.0,27.27,78.95,149.29943743937923,4.0,15.0
1092.0,46.152,11.0,180.0,0.0,3.0,7.0,552.0,1.4918,732.0,5.14,10169.0,4.0,27.81,96.3,152.14945054945056,1.0,26.0
1410.0,52.1606,18.0,210.0,1.0,4.0,8.0,735.0,1.4921,945.0,5.5,10317.0,4.0,24.6,80.77,133.17600000000002,5.0,21.0
1221.0,45.4332,10.0,189.0,1.0,6.0,8.0,641.0,1.4711,830.0,6.43,8914.0,2.0,25.42,100.0,133.95538083538082,0.0,18.0
1392.0,57.5476,9.0,202.0,2.0,3.0,15.0,636.0,1.6611,838.0,6.7,10361.0,12.0,28.34,86.84,148.83,5.0,33.0
939.0,31.5926,3.0,149.0,1.0,2.0,3.0,341.0,1.9163,490.0,5.4,7414.0,1.0,22.67,84.62,121.12178913738019,2.0,11.0
739.0,31.1833,9.0,111.0,0.0,0.0,11.0,330.0,1.6757,441.0,4.87,6998.0,11.0,30.4,100.0,151.90782138024355,0.0,21.0
1090.0,42.8382,7.0,163.0,1.0,4.0,9.0,535.0,1.5616,698.0,6.74,7804.0,5.0,26.95,78.95,141.48396330275227,4.0,15.0
1367.0,59.959,7.0,179.0,1.0,3.0,8.0,612.0,1.7282,791.0,6.21,9805.0,5.0,31.0,95.0,157.90226773957573,1.0,19.0
1160.0,49.3588,7.0,171.0,0.0,4.0,10.0,569.0,1.5676,740.0,4.94,10830.0,6.0,28.93,95.24,153.18248275862072,1.0,20.0
1282.0,51.6379,10.0,165.0,1.0,2.0,12.0,640.0,1.5925,805.0,6.15,10670.0,10.0,27.39,89.66,145.00502340093604,3.0,26.0
1539.0,63.1095,5.0,194.0,1.0,0.0,10.0,663.0,1.7958,857.0,6.76,9362.0,10.0,29.3,92.86,147.62456140350875,2.0,26.0
906.0,38.8351,1.0,130.0,1.0,2.0,12.0,360.0,1.849,490.0,5.83,6692.0,10.0,29.72,76.92,154.31165562913907,3.0,10.0
798.0,36.6386,14.0,128.0,0.0,5.0,10.0,348.0,1.6765,476.0,5.32,6105.0,5.0,31.68,85.71,165.28691729323307,1.0,6.0
1224.0,53.4303,10.0,156.0,0.0,3.0,14.0,574.0,1.6767,730.0,6.06,9404.0,11.0,30.41,82.61,157.1479411764706,4.0,19.0
1117.0,45.6565,5.0,176.0,0.0,2.0,14.0,545.0,1.5492,721.0,6.27,8434.0,12.0,29.05,100.0,147.1471799462847,0.0,24.0
1216.0,52.3289,7.0,158.0,0.0,2.0,10.0,633.0,1.5373,791.0,4.7,11278.0,8.0,29.84,95.45,154.92108552631578,1.0,21.0
1261.0,54.0617,10.0,161.0,1.0,3.0,17.0,626.0,1.6023,787.0,6.13,9187.0,14.0,30.16,84.0,154.33950832672483,4.0,21.0
1236.0,56.502,21.0,137.0,2.0,3.0,5.0,643.0,1.5846,780.0,4.71,11316.0,2.0,31.77,85.71,164.56893203883496,3.0,18.0
750.0,30.2626,7.0,117.0,0.0,1.0,5.0,341.0,1.6376,458.0,5.34,6181.0,4.0,28.1,93.75,145.26048,1.0,15.0
717.0,29.5995,5.0,111.0,0.0,3.0,3.0,361.0,1.5191,472.0,6.3,4954.0,0.0,27.61,100.0,148.61673640167365,0.0,7.0
1051.0,41.9185,5.0,139.0,0.0,5.0,12.0,525.0,1.5828,664.0,5.99,7953.0,7.0,26.81,100.0,143.5838249286394,0.0,26.0
1120.0,43.1066,9.0,158.0,0.0,3.0,12.0,634.0,1.4141,792.0,7.0,7087.0,9.0,26.05,84.0,138.55692857142859,4.0,21.0
1191.0,49.9671,10.0,139.0,0.0,4.0,15.0,606.0,1.5987,745.0,5.75,9757.0,11.0,28.7,90.91,151.03405541561713,2.0,20.0
1068.0,46.4467,11.0,147.0,1.0,4.0,6.0,558.0,1.5149,705.0,5.72,8735.0,2.0,29.46,95.45,156.56191011235956,1.0,21.0
1238.0,52.5488,11.0,152.0,0.0,1.0,7.0,650.0,1.5436,802.0,4.68,13284.0,6.0,28.71,83.33,152.80749596122777,5.0,25.0
962.0,35.1832,1.0,89.0,0.0,1.0,14.0,545.0,1.5174,634.0,4.92,7645.0,13.0,24.37,94.44,131.66270270270272,1.0,17.0
773.0,36.1666,3.0,106.0,0.0,0.0,4.0,328.0,1.7811,434.0,5.17,6145.0,4.0,33.31,100.0,168.43435963777492,0.0,20.0
950.0,40.383,12.0,100.0,1.0,4.0,8.0,489.0,1.6129,589.0,5.05,7625.0,4.0,28.69,85.71,153.0303157894737,2.0,12.0
898.0,37.7187,7.0,102.0,1.0,2.0,7.0,531.0,1.4186,633.0,4.77,9264.0,5.0,27.58,78.57,151.21082405345211,3.0,11.0
1085.0,48.8878,19.0,123.0,2.0,4.0,11.0,519.0,1.69,642.0,5.28,8182.0,7.0,31.5,84.21,162.20836866359446,3.0,16.0
969.0,44.5634,5.0,103.0,1.0,0.0,8.0,478.0,1.6678,581.0,5.89,6161.0,8.0,33.04,80.95,165.56061919504643,4.0,17.0
1216.0,57.3378,9.0,140.0,1.0,1.0,9.0,557.0,1.7446,697.0,5.42,9821.0,8.0,33.64,86.36,169.7500657894737,3.0,19.0
774.0,42.0493,5.0,93.0,1.0,7.0,4.0,330.0,1.8298,423.0,5.42,5503.0,-3.0,39.51,100.0,195.57813953488375,0.0,17.0
548.0,23.8277,8.0,65.0,1.0,1.0,8.0,257.0,1.7019,322.0,4.42,4072.0,7.0,31.95,93.75,156.53233576642336,1.0,15.0
720.0,35.4948,1.0,84.0,0.0,3.0,4.0,393.0,1.5094,477.0,5.46,5881.0,1.0,33.17,85.71,177.474,2.0,12.0
838.0,42.836,1.0,100.0,0.0,5.0,6.0,381.0,1.7422,481.0,4.16,8292.0,1.0,36.52,87.5,184.02100238663485,1.0,7.0
767.0,32.7401,3.0,93.0,0.0,5.0,8.0,381.0,1.6181,474.0,4.21,6904.0,3.0,29.09,93.75,153.66930899608866,1.0,15.0
666.0,27.6561,8.0,64.0,0.0,3.0,7.0,341.0,1.6444,405.0,5.59,5168.0,4.0,28.92,100.0,149.49243243243242,0.0,9.0
846.0,38.9393,3.0,99.0,1.0,7.0,9.0,383.0,1.7552,482.0,6.1,5676.0,2.0,32.18,90.91,165.69914893617022,2.0,20.0
402.0,17.748,2.0,52.0,0.0,2.0,4.0,210.0,1.5344,262.0,4.43,3495.0,2.0,29.25,90.91,158.93731343283582,1.0,10.0
380.0,16.4742,7.0,53.0,0.0,0.0,4.0,191.0,1.5574,244.0,2.49,6146.0,4.0,28.92,100.0,156.07136842105263,0.0,10.0
425.0,19.537,37.0,49.0,0.0,2.0,7.0,202.0,1.6932,251.0,4.45,4386.0,5.0,30.78,91.67,165.48988235294118,1.0,11.0
343.0,19.0914,4.0,47.0,0.0,4.0,5.0,140.0,1.8342,187.0,4.47,3447.0,1.0,36.34,100.0,200.37620991253644,0.0,3.0
230.0,11.8469,1.0,30.0,1.0,4.0,2.0,95.0,1.84,125.0,3.18,3454.0,-2.0,35.61,100.0,185.42973913043477,0.0,9.0
306.0,13.7745,0.0,43.0,0.0,3.0,3.0,100.0,2.1399,143.0,3.24,4748.0,0.0,33.01,100.0,162.05294117647057,0.0,10.0
386.0,16.5843,1.0,60.0,0.0,2.0,1.0,88.0,2.6081,148.0,5.62,4325.0,-1.0,30.43,100.0,154.6722279792746,0.0,9.0
281.0,13.1456,0.0,42.0,0.0,2.0,6.0,71.0,2.4867,113.0,4.94,3039.0,4.0,33.56,100.0,168.41338078291813,0.0,6.0
281.0,13.3266,0.0,39.0,0.0,2.0,3.0,80.0,2.3613,119.0,4.76,3133.0,1.0,36.76,92.31,170.73224199288254,1.0,12.0
258.0,12.1009,0.0,52.0,0.0,1.0,4.0,77.0,2.0,129.0,5.1,2567.0,3.0,32.17,100.0,168.84976744186045,0.0,10.0
351.0,17.3815,3.0,47.0,0.0,0.0,4.0,76.0,2.8537,123.0,3.89,4247.0,4.0,37.93,100.0,178.27179487179487,0.0,8.0
287.0,16.8233,0.0,55.0,0.0,0.0,4.0,97.0,1.8882,152.0,3.99,3156.0,4.0,41.29,90.91,211.02397212543553,1.0,10.0
310.0,17.3132,0.0,47.0,0.0,4.0,4.0,89.0,2.2794,136.0,3.99,4359.0,0.0,40.61,85.71,201.05651612903225,1.0,6.0
275.0,10.413,1.0,44.0,0.0,1.0,4.0,63.0,2.5701,107.0,4.0,4176.0,3.0,26.91,100.0,136.31563636363637,0.0,2.0
222.0,10.5967,0.0,46.0,1.0,2.0,3.0,69.0,1.9304,115.0,4.03,2976.0,1.0,33.3,66.67,171.8383783783784,2.0,4.0
209.0,8.6935,0.0,35.0,2.0,2.0,4.0,70.0,1.9905,105.0,3.33,2880.0,2.0,28.35,100.0,149.74449760765552,0.0,1.0
